{
  "channels": [
    {
      "name": "HD 2",
      "logo": "assets/images/channel1.png",
      "description": "Channel 2",
      "url": "https://sportzonline.si/channels/hd/hd2.php"
    },
    {
      "name": "HD 1",
      "logo": "assets/images/channel2.png",
      "description": "Channel 1",
      "url": "https://sportzonline.si/channels/hd/hd1.php"
    },
    {
      "name": "HD 3",
      "logo": "assets/images/channel3.png",
      "description": "Channel 5.",
      "url": "https://sportzonline.si/channels/hd/hd7.php"
    },
    {
      "name": "HD 4",
      "logo": "assets/images/channel4.png",
      "description": "Channel 4.",
      "url": "https://sportzonline.si/channels/hd/hd8.php"
    },
    {
      "name": "MU TV",
      "logo": "assets/images/channel5.png",
      "description": "Channel 5",
      "url": "https://sportzonline.si/channels/hd/hd8.php"
    }
  ]
}
