{
  "events": [
    {
      "date": "20/06/2025",
      "group1": "Grace Choir",
      "group1_logo": "GC",
      "group2": "Hope Singers",
      "group2_logo": "HS",
      "time": "2025-06-20T19:00:00Z",
      "urls": ["https://example.com/stream1", "https://example.com/stream2"],
      "viewers": 915,
      "bloated_viewers": 8000,
      "timestamp": "2025-06-20T08:00:00Z"
    },
    {
      "date": "21/06/2025",
      "group1": "Faith Collective",
      "group1_logo": "FC",
      "group2": "Peace Ministry",
      "group2_logo": "PM",
      "time": "2025-06-21T18:30:00Z",
      "urls": ["https://example.com/stream3"],
      "viewers": 750,
      "bloated_viewers": 6554,
      "timestamp": "2025-06-20T08:00:00Z"
    }
  ]
}
